model,accuracy,precision,recall,f1,roc_auc
Random Forest,0.7246355685131195,0.754394861392833,0.6574837949322333,0.7026133501259446,0.7910082977121639
Logistic Regression,0.7217201166180758,0.7562111801242236,0.6456982911019447,0.6965988556897648,0.7871184290120612
